{"cameraMode":{"drawMode":0,"name":"Shaded","section":"Shading Mode"},"sceneLighting":false,"audioPlay":false,"sceneViewState":{"m_AlwaysRefresh":false,"showFog":true,"showSkybox":false,"showFlares":true,"showImageEffects":true,"showParticleSystems":true,"showVisualEffectGraphs":true,"m_FxEnabled":true},"in2DMode":false,"pivot":{"x":0.47179654240608218,"y":0.04754829779267311,"z":-0.6774056553840637},"rotation":{"x":-0.11900759488344193,"y":0.5555899739265442,"z":-0.08073937147855759,"w":-0.8189423084259033},"size":2.454462766647339,"orthographic":false}