{"cameraMode":{"drawMode":0,"name":"Shaded","section":"Shading Mode"},"sceneLighting":true,"audioPlay":false,"sceneViewState":{"m_AlwaysRefresh":false,"showFog":true,"showSkybox":true,"showFlares":true,"showImageEffects":true,"showParticleSystems":true,"showVisualEffectGraphs":true,"m_FxEnabled":true},"in2DMode":false,"pivot":{"x":0.6259069442749023,"y":7.55799674987793,"z":0.4581775665283203},"rotation":{"x":-0.027289463207125665,"y":0.03507840260863304,"z":-0.0009586414089426398,"w":-0.9990248084068298},"size":100.09095764160156,"orthographic":false}